[{"_id":{"$oid":"5c5d3a79686a00389075ade1"},"type":"Two-room apartment","description":"This is a two-room apartment.","price":250,"imageUrl":"https://images.pexels.com/photos/1396122/pexels-photo-1396122.jpeg?auto=compress\u0026cs=tinysrgb\u0026dpr=1\u0026w=500","__v":0},
{"_id":{"$oid":"5c5d3ad0686a00389075ade2"},"type":"three-room apartment","description":"This is a three-room apartment.","price":650,"imageUrl":"https://cdn.homedit.com/wp-content/uploads/2012/03/white-and-big-3-rooms-apartment.jpg","__v":0},
{"_id":{"$oid":"5c5d3aef686a00389075ade3"},"type":"single-room apartment","description":"This is a single-room apartment.","price":150,"imageUrl":"https://cdn.homedit.com/wp-content/uploads/2014/01/one-room-apartment-scandinavian5.jpg","__v":0},
{"_id":{"$oid":"5c5d3b31686a00389075ade4"},"type":"apartment","description":"This is an apartment.","price":1500,"imageUrl":"https://images1.apartments.com/i2/h8jFKVlKaqHOy8RjKrOQE7hysBpYSRmkpfRJrRBb6t0/117/image.jpg","__v":0},
{"_id":{"$oid":"5c5d3b5b686a00389075ade5"},"type":"apartment","description":"This is an apartment for a big family","price":2500,"imageUrl":"https://www.medellincolombia.co/wp-content/uploads/2018/03/Medellin-Apartment.jpg","__v":0},
{"_id":{"$oid":"5c5d3b87686a00389075ade6"},"type":"small apartment","description":"This is a small apartment for a single person. Pets are allowed","price":400,"imageUrl":"https://freshome.com/wp-content/uploads/2016/01/Swedish-crib-6-900x450.jpg","__v":0},
{"_id":{"$oid":"5c5d3c01686a00389075ade7"},"type":"house with garder","description":"This is a house with a big garden","price":1500,"imageUrl":"http://www.applehillantiques.com/wp-content/uploads/2017/01/house-and-garden-hotel-r-house-and-garden.jpg","__v":0},
{"_id":{"$oid":"5c5d3c5a686a00389075ade8"},"type":"small house","description":"This is a small house with no garden","price":500,"imageUrl":"https://t-ec.bstatic.com/images/hotel/max1024x768/142/142793181.jpg","__v":0},
{"_id":{"$oid":"5c5d3c9e686a00389075ade9"},"type":"maisonette","description":"This is a big maisonette","price":5000,"imageUrl":"https://wp.zillowstatic.com/streeteasy/2/maison-washington-street-1024x659.jpg","__v":0}]
